{
  "libraries": {
    "cmarkgfm": {
      "implementation": "C-based (GitHub's cmark fork)",
      "spec": "GFM"
    },
    "markdown": {
      "implementation": "Pure Python",
      "spec": "Classic"
    },
    "mistune": {
      "implementation": "Pure Python",
      "spec": "v3"
    },
    "markdown2": {
      "implementation": "Pure Python",
      "spec": "Extras"
    },
    "commonmark": {
      "implementation": "Pure Python (deprecated)",
      "spec": "CommonMark"
    },
    "marko": {
      "implementation": "Pure Python",
      "spec": "CommonMark 0.31.2"
    },
    "mistletoe": {
      "implementation": "Pure Python",
      "spec": "CommonMark"
    }
  },
  "results": {
    "small_basic": {
      "cmarkgfm": {
        "mean": 0.018055810001555983,
        "median": 0.011736499999415173,
        "stdev": 0.02801070278684016,
        "min": 0.009030999990500277,
        "max": 0.18376699998157164
      },
      "markdown": {
        "mean": 0.2827193899969416,
        "median": 0.26146300000107203,
        "stdev": 0.09930119239725398,
        "min": 0.2456420000100934,
        "max": 1.2111339999876236
      },
      "mistune": {
        "mean": 0.09055818999968324,
        "median": 0.0878299999982346,
        "stdev": 0.006500757850035207,
        "min": 0.08527500000354848,
        "max": 0.11792800000876014
      },
      "markdown2": {
        "mean": 0.16002154000204882,
        "median": 0.15668550000214054,
        "stdev": 0.008737462420765585,
        "min": 0.1509410000153366,
        "max": 0.18986300000278789
      },
      "commonmark": {
        "mean": 0.20274324000098431,
        "median": 0.1939280000016197,
        "stdev": 0.032539898385649774,
        "min": 0.18574300000295807,
        "max": 0.4647650000038084
      },
      "marko": {
        "mean": 0.34537559999847645,
        "median": 0.33305200000199875,
        "stdev": 0.050654407426442345,
        "min": 0.3115760000014234,
        "max": 0.6766669999933583
      },
      "mistletoe": {
        "mean": 0.159851789996992,
        "median": 0.15170550000220828,
        "stdev": 0.028111584975256006,
        "min": 0.14123799999765652,
        "max": 0.31462600000509156
      }
    },
    "medium_mixed": {
      "cmarkgfm": {
        "mean": 0.06647446000044965,
        "median": 0.04397950000623041,
        "stdev": 0.0570287702000683,
        "min": 0.023722999998199157,
        "max": 0.27051899999719353
      },
      "markdown": {
        "mean": 0.7976244700012103,
        "median": 0.7771260000026814,
        "stdev": 0.05753324314364945,
        "min": 0.7306439999865688,
        "max": 1.054026999980806
      },
      "mistune": {
        "mean": 0.6149966300003484,
        "median": 0.6068725000147879,
        "stdev": 0.04640411866854743,
        "min": 0.5932980000125099,
        "max": 0.967241000012109
      },
      "markdown2": {
        "mean": 0.7057210500019551,
        "median": 0.6986369999992803,
        "stdev": 0.023805574309044595,
        "min": 0.6782960000180083,
        "max": 0.8168569999895681
      },
      "commonmark": {
        "mean": 1.007410379999385,
        "median": 0.9619944999883501,
        "stdev": 0.13252275104473482,
        "min": 0.914725999990651,
        "max": 1.661589999997659
      },
      "marko": {
        "mean": 2.8951706200018634,
        "median": 2.789358499995842,
        "stdev": 0.4926231663563347,
        "min": 2.660225999989052,
        "max": 7.419166000005362
      },
      "mistletoe": {
        "mean": 0.857000359996789,
        "median": 0.8323704999924075,
        "stdev": 0.07742008083472258,
        "min": 0.7978099999945698,
        "max": 1.3800840000044445
      }
    },
    "large_complex": {
      "cmarkgfm": {
        "mean": 0.5022657800006414,
        "median": 0.4884125000046424,
        "stdev": 0.06378668412802502,
        "min": 0.3190440000082617,
        "max": 0.7371239999827139
      },
      "markdown": {
        "mean": 6.4565706500013675,
        "median": 6.414135500008911,
        "stdev": 0.2506158794302361,
        "min": 6.1341610000056335,
        "max": 7.7390630000024885
      },
      "mistune": {
        "mean": 5.04534392000096,
        "median": 4.988105500004281,
        "stdev": 0.42979164101607176,
        "min": 4.816653999995424,
        "max": 9.073930999988988
      },
      "markdown2": {
        "mean": 8.494276419999949,
        "median": 7.999048499996775,
        "stdev": 1.6842333765279391,
        "min": 7.620403000004217,
        "max": 14.21978799999124
      },
      "commonmark": {
        "mean": 6.084683549999852,
        "median": 5.677109499998778,
        "stdev": 1.1334763340589145,
        "min": 5.436748999983365,
        "max": 13.126556999992545
      },
      "marko": {
        "mean": 26.161756809999304,
        "median": 25.324088000004963,
        "stdev": 3.6516464908691604,
        "min": 24.33735599998954,
        "max": 45.01788099997839
      },
      "mistletoe": {
        "mean": 7.106269419999762,
        "median": 6.9532615000014175,
        "stdev": 0.5028362352563237,
        "min": 6.872252999983175,
        "max": 11.024050000003172
      }
    }
  }
}