{
  "JSON (no index)": {
    "setup_ms": 295.34429000000273,
    "storage_kb": 9124.0,
    "single_tag": {
      "median_ms": 54.98268224999947,
      "mean_ms": 54.52521079999855,
      "min_ms": 53.23780600002692,
      "avg_results": 6534.9
    },
    "and_tags": {
      "median_ms": 54.62489499998924,
      "mean_ms": 54.78280865000613,
      "min_ms": 53.01665950000256,
      "avg_results": 410.6
    },
    "or_tags": {
      "median_ms": 84.2358182499936,
      "mean_ms": 80.73301114999651,
      "min_ms": 59.06082449999417,
      "avg_results": 21335.1
    }
  },
  "JSON + lookup table": {
    "setup_ms": 1001.9502560000433,
    "storage_kb": 20344.0,
    "single_tag": {
      "median_ms": 1.3698645000062015,
      "mean_ms": 1.3347160500018163,
      "min_ms": 1.2072970000076566,
      "avg_results": 6534.9
    },
    "and_tags": {
      "median_ms": 1.876592499996832,
      "mean_ms": 1.8587009499981377,
      "min_ms": 1.6781389999778185,
      "avg_results": 410.6
    },
    "or_tags": {
      "median_ms": 11.020335250009339,
      "mean_ms": 9.999408349995065,
      "min_ms": 4.9005894999822885,
      "avg_results": 21335.1
    }
  },
  "M2M tables": {
    "setup_ms": 1312.8359140000043,
    "storage_kb": 8772.0,
    "single_tag": {
      "median_ms": 1.407632750002108,
      "mean_ms": 1.4069513000038114,
      "min_ms": 1.3306269999873166,
      "avg_results": 6534.9
    },
    "and_tags": {
      "median_ms": 2.258435749993737,
      "mean_ms": 2.250005449994319,
      "min_ms": 2.189545499987844,
      "avg_results": 410.6
    },
    "or_tags": {
      "median_ms": 10.692999749991827,
      "mean_ms": 9.563000249994502,
      "min_ms": 4.869705000004387,
      "avg_results": 21335.1
    }
  },
  "FTS5": {
    "setup_ms": 267.13349700003164,
    "storage_kb": 7044.0,
    "single_tag": {
      "median_ms": 3.2791167499937046,
      "mean_ms": 3.2954952499977708,
      "min_ms": 3.151593499978844,
      "avg_results": 6534.9
    },
    "and_tags": {
      "median_ms": 2.5867370000156598,
      "mean_ms": 2.56082630000094,
      "min_ms": 2.4038424999730523,
      "avg_results": 410.6
    },
    "or_tags": {
      "median_ms": 13.534860749999211,
      "mean_ms": 12.43465509999453,
      "min_ms": 6.702203999992662,
      "avg_results": 21335.1
    }
  },
  "LIKE": {
    "setup_ms": 166.63936199995533,
    "storage_kb": 7244.0,
    "single_tag": {
      "median_ms": 19.44813624999142,
      "mean_ms": 19.610676500002455,
      "min_ms": 18.99520050002934,
      "avg_results": 6534.9
    },
    "and_tags": {
      "median_ms": 19.410445749997507,
      "mean_ms": 19.552295000005415,
      "min_ms": 18.81199350003726,
      "avg_results": 410.6
    },
    "or_tags": {
      "median_ms": 57.942651249987875,
      "mean_ms": 58.29520295000066,
      "min_ms": 36.7057230000114,
      "avg_results": 21335.1
    }
  }
}