{
  "engine": "jinja2",
  "iterations": 200,
  "num_products": 50,
  "times_ms": [
    1.1058619999744224,
    1.085617999990518,
    1.0974379999879602,
    1.073616999974547,
    1.0643520000144235,
    1.08793900000137,
    1.1078090000182783,
    1.0819589999755408,
    1.059698999995362,
    1.088192999986859,
    1.0626909999587042,
    1.0576049999713177,
    1.0576479999713229,
    1.0607659999664065,
    1.0808689999635135,
    1.0553189999882306,
    1.0641540000051464,
    1.058468999985962,
    2.027329999975791,
    1.1501609999982065,
    1.2390490000484533,
    1.4429070000119282,
    1.4030720000164365,
    1.134117999981754,
    1.0985129999880883,
    1.0761429999774919,
    1.082074000009925,
    1.1069839999890974,
    1.2905909999858522,
    1.264906000017163,
    1.200588000017433,
    1.1071389999983694,
    1.1492010000324626,
    1.1395930000048793,
    1.1245609999832595,
    1.1201030000052015,
    1.109492000011869,
    1.1187150000182555,
    1.1105149999934838,
    1.0831619999862596,
    1.0952129999850513,
    1.1023430000136614,
    1.1129370000162453,
    1.0949399999731213,
    1.4772889999790095,
    1.212679999980537,
    1.1321009999960552,
    1.1222429999975247,
    1.110933000006753,
    1.2411529999667437,
    1.507583000034174,
    1.6158749999704014,
    1.206441000022096,
    1.0815770000363045,
    1.0691309999515397,
    1.0783200000332727,
    1.0852540000314548,
    1.0840780000194172,
    1.0728649999691697,
    1.0676420000095277,
    1.093074000038996,
    1.294339999958538,
    1.120257000025049,
    1.0624129999996512,
    1.0744179999733205,
    1.0540600000013,
    1.064978999977484,
    1.0754689999998845,
    1.0649000000171327,
    1.080650999995214,
    1.2918049999939285,
    1.0910120000175993,
    1.064705999965554,
    1.4494199999717239,
    1.2519010000460185,
    1.1222100000054525,
    1.092911999990065,
    1.0752840000236574,
    1.0874689999695875,
    1.0922850000270046,
    1.0931230000323922,
    1.1076359999719898,
    1.0973089999879448,
    1.097216000005119,
    1.0872779999999693,
    1.2364230000230236,
    1.110612999980276,
    1.104682999994111,
    1.0609530000351697,
    1.0929140000257576,
    1.0948870000220268,
    1.045368999996299,
    1.05866500001639,
    1.0874150000290683,
    1.0792720000267764,
    1.1014290000161964,
    1.0827009999729853,
    1.069023000013658,
    1.0788250000359767,
    1.0805000000004839,
    1.09309800001256,
    1.068981999992502,
    1.09171199994762,
    1.079505000006975,
    1.0914340000454104,
    1.0600140000178726,
    1.0708739999927275,
    1.0855979999746523,
    1.0813600000005863,
    1.1643049999747745,
    1.0820980000403324,
    1.0925720000045658,
    1.0642859999734355,
    1.0513749999745414,
    1.066780000030576,
    1.0751189999496091,
    1.0795670000334212,
    1.0799649999739813,
    1.0769840000079967,
    1.0828969999465698,
    1.0740289999944252,
    1.0860009999760223,
    1.1147939999887058,
    1.209550999988096,
    1.11572299999807,
    1.0875350000105755,
    1.0833059999981742,
    1.0892459999922721,
    1.0669179999922562,
    1.0799149999911606,
    1.0685839999950986,
    1.0582009999779984,
    1.0538779999933467,
    1.0736920000340433,
    1.0700000000269938,
    1.462039999978515,
    1.105726999981016,
    1.0913309999978082,
    1.0726300000101219,
    1.0598270000059529,
    1.4497329999585418,
    1.3328020000358265,
    1.1044660000152362,
    1.109573000007913,
    1.0892689999764116,
    1.069105999988551,
    1.0909339999898293,
    1.0679929999923843,
    1.066654999988259,
    1.0786379999672135,
    1.0929509999755282,
    1.07823999996981,
    1.0747960000117018,
    1.0782960000028652,
    1.0565019999830838,
    1.4101389999723324,
    1.1574929999937922,
    1.1220949999710683,
    1.1202740000157974,
    1.0802290000242465,
    1.0839369999757764,
    1.073003999977118,
    1.4046109999981127,
    1.1344810000082362,
    1.0952599999995982,
    1.1039350000032755,
    1.0906389999831845,
    1.0999459999538885,
    1.0794390000228304,
    1.067590999980439,
    1.0790719999818066,
    1.190094999969915,
    1.0971089999998185,
    1.0811469999794099,
    1.077278000025217,
    1.4348400000017136,
    1.4063309999983176,
    1.1447269999962373,
    1.0704190000296876,
    1.0973629999853074,
    1.0704020000389391,
    1.0747809999998026,
    1.0646309999629011,
    1.0551739999868914,
    1.088697999989563,
    1.0665460000041094,
    1.0747589999482443,
    1.0793449999937366,
    1.0800599999924998,
    1.0773369999697024,
    1.092502999995304,
    1.3674049999963245,
    1.2209610000013527,
    1.115145999960987,
    1.0867099999813945,
    1.1190800000235868,
    1.1023010000030808,
    1.0830989999703888,
    1.1011029999963284,
    1.0853949999614088
  ],
  "mean_ms": 1.1273880899963729,
  "median_ms": 1.0877370000059727,
  "stdev_ms": 0.11837681167402316,
  "min_ms": 1.045368999996299,
  "max_ms": 2.027329999975791,
  "output_length": 65016,
  "python_version": "3.14.0rc2 free-threading build (main, Sep  2 2025, 14:21:02) [Clang 20.1.4 ]",
  "python_implementation": "cpython",
  "free_threaded": true
}