{
  "engine": "jinja2",
  "iterations": 200,
  "num_products": 50,
  "times_ms": [
    1.005809999981011,
    1.0535040000263507,
    1.0185829999613816,
    1.0036209999952916,
    0.9931820000019798,
    0.9841419999929713,
    1.00559599997041,
    0.9805930000084118,
    0.9950340000273172,
    0.9895879999817225,
    0.9906959999739229,
    0.9697940000137351,
    0.9728930000392211,
    0.9783259999949223,
    0.9784419999618876,
    0.9695080000255984,
    0.9678359999725217,
    0.9746910000103526,
    1.0136390000070605,
    1.0074479999957475,
    1.0050810000166166,
    0.9646870000210583,
    0.9846559999573401,
    0.9700570000177322,
    0.9818969999741967,
    0.9883900000318135,
    0.9951829999863548,
    1.0343459999830884,
    0.9876140000528721,
    0.9637249999627784,
    1.7330879999803983,
    1.248679000013908,
    1.0246300000176234,
    0.9795729999950709,
    0.9555710000199724,
    0.9582399999885638,
    0.9795750000307635,
    0.9746729999733361,
    0.9637300000235882,
    0.9627399999772024,
    0.9611099999915496,
    0.9420369999588729,
    0.9685559999752513,
    0.9472809999806486,
    0.9597600000006423,
    0.9894600000279752,
    0.9730590000458506,
    0.9540030000039224,
    0.9475879999740755,
    0.9736099999599901,
    0.9662199999525001,
    1.120650000018486,
    1.015450000011242,
    0.9786690000055387,
    0.9542330000158472,
    0.9706209999649218,
    0.9583890000044448,
    0.963151000007656,
    0.943895999967026,
    0.9516790000247966,
    0.9409979999759344,
    0.9582979999436247,
    0.9584590000031312,
    0.9443610000516856,
    0.9454149999896799,
    0.948396000012508,
    0.9590109999635388,
    0.9569499999884101,
    0.9495399999650544,
    0.9441029999948114,
    0.9534099999655155,
    0.9579750000057174,
    0.9629870000367191,
    0.9649229999695308,
    0.9552119999511888,
    0.948539000034998,
    0.9771869999894989,
    0.9413099999733276,
    0.9384200000113196,
    0.9671830000002046,
    0.9665890000292165,
    0.969503000021632,
    0.950002999957178,
    0.9755250000011984,
    0.9447730000147203,
    0.936084999977993,
    0.952686999994512,
    0.9190299999772833,
    0.9492399999544432,
    0.9489280000138933,
    0.9483389999900282,
    0.9519700000168996,
    0.9592590000124801,
    0.9457859999884022,
    0.9742600000208768,
    0.9736779999798273,
    0.9630839999772434,
    0.9709450000059405,
    0.965283000027739,
    0.9574009999937516,
    0.9393420000378683,
    0.9833769999545439,
    0.9770639999828745,
    0.9791439999844442,
    0.9771489999934602,
    0.9777550000080737,
    0.9955900000022666,
    0.9666839999908916,
    0.9814869999900111,
    1.0050419999743099,
    0.9721270000113691,
    0.9765490000290811,
    0.9609770000338358,
    1.0029300000269359,
    0.9789640000121835,
    1.0349130000122386,
    0.9962490000248181,
    0.9700239999688165,
    0.9975110000368659,
    0.9798579999937829,
    0.9901490000174817,
    1.0072829999785426,
    1.220812000042315,
    1.038906000019324,
    0.9867889999668478,
    1.272739000000911,
    1.1791439999910835,
    1.1846230000287505,
    1.1968530000103783,
    1.3006869999685478,
    1.0283290000074885,
    1.0014370000135386,
    0.9708869999940362,
    0.9891979999565592,
    0.97842299999229,
    0.9829900000113412,
    0.9923959999582621,
    0.9626089999983378,
    0.9808469999939007,
    0.9730400000194095,
    0.9709880000059457,
    1.0110130000384743,
    0.9663559999921745,
    1.0326330000225425,
    0.9985050000409501,
    0.9786499999790976,
    0.9806940000203213,
    0.9537359999853834,
    0.9580450000044038,
    0.9809059999952296,
    0.9631670000089798,
    0.9760339999616008,
    1.002692999975352,
    0.9893010000041613,
    0.9614980000378637,
    0.9617819999903077,
    0.9843120000141425,
    1.1835610000048291,
    1.0314900000025773,
    0.9755089999998745,
    0.9709270000257675,
    0.960356000007323,
    0.9746090000248842,
    0.9780110000292552,
    0.9616060000325888,
    0.9644219999813686,
    0.9559179999882872,
    1.1201560000131394,
    0.9869449999655444,
    0.9549819999961073,
    0.9708599999953549,
    0.9490809999874728,
    0.971128999992743,
    0.9673770000517834,
    1.0366889999886553,
    0.9824010000443195,
    0.9522150000407237,
    0.9723189999704118,
    0.9763470000052621,
    0.9724360000404886,
    0.9648970000171175,
    0.9518929999785541,
    0.9436089999894648,
    0.9715180000284818,
    0.9620720000498295,
    0.9734000000207743,
    0.9660849999590937,
    0.9548240000185615,
    0.9895919999962643,
    1.1508399999797803,
    1.0110139999710555,
    0.9671899999830202,
    0.9795410000492666,
    0.9521499999891603,
    0.9584949999634773,
    0.9590509999952701,
    0.98406300003262,
    0.9442900000067311,
    0.9649229999695308,
    0.9536359999628985
  ],
  "mean_ms": 0.9898857349995183,
  "median_ms": 0.9723775000054502,
  "stdev_ms": 0.0779067195540793,
  "min_ms": 0.9190299999772833,
  "max_ms": 1.7330879999803983,
  "output_length": 64927,
  "python_version": "3.14.0rc2 (main, Sep  2 2025, 14:20:56) [Clang 20.1.4 ]",
  "python_implementation": "cpython",
  "free_threaded": false
}