{
  "engine": "minijinja",
  "iterations": 200,
  "num_products": 50,
  "times_ms": [
    1.5040760000033515,
    1.5575389999753497,
    1.503802000001997,
    1.4862219999827175,
    1.4908169999898746,
    1.497018999998545,
    1.4592289999768582,
    1.4570629999752782,
    1.437199999998029,
    1.4856390000090869,
    1.4710940000099981,
    1.466326000013396,
    1.4494839999770193,
    1.5035270000112178,
    1.4880539999921893,
    1.4945820000207277,
    1.4625250000221968,
    2.517880999960198,
    1.5012769999884767,
    1.456830000051923,
    1.4586829999529982,
    1.4740770000116754,
    1.7115379999950164,
    1.6506769999864446,
    1.506710999990446,
    1.4838060000101905,
    1.458759000001919,
    1.4768099999855622,
    1.4666519999764205,
    1.5876580000053764,
    1.5096870000093077,
    1.461274999996931,
    1.6480200000046352,
    1.515946999973039,
    1.5073460000394334,
    1.5028079999979127,
    1.4589389999741798,
    1.5184419999627607,
    1.5759960000423234,
    1.5142299999979514,
    1.61442800003897,
    1.732984000000215,
    1.5510159999507778,
    1.456528000005619,
    1.5526419999787322,
    1.6219060000253194,
    1.4941300000259616,
    1.6768899999988207,
    1.5724609999665518,
    1.4791369999898052,
    1.4906900000255519,
    1.5022790000216446,
    1.6864170000303602,
    1.5096600000106264,
    1.4838339999982963,
    1.4722280000114552,
    1.5169460000379331,
    1.4830559999836623,
    1.4916089999701398,
    1.507713999956195,
    1.467049999973824,
    1.5050879999876088,
    1.471277000007376,
    1.5019999999594802,
    1.5042829999742935,
    1.4958810000393896,
    1.4946499999837215,
    1.4969960000144056,
    1.4755659999536874,
    1.486383000042224,
    1.5445749999685177,
    1.488850999976421,
    2.404963999993015,
    1.4895459999593186,
    1.511333999985709,
    1.46167200000491,
    1.487793999956466,
    1.45048299998507,
    1.4905479999924864,
    1.5210130000014033,
    1.4608889999863095,
    1.4955139999983658,
    1.4505620000022645,
    1.471294000054968,
    1.4879020000080345,
    1.4998759999684808,
    1.481407999960993,
    1.4820430000099805,
    1.5185810000275524,
    1.4916050000124415,
    1.520583000001352,
    1.6095290000066598,
    1.5173969999864312,
    1.4962449999984528,
    1.4819159999888143,
    1.50612900000624,
    1.4776990000200385,
    1.4775389999499566,
    1.4943630000061603,
    1.4860759999919537,
    1.463012999977309,
    1.5006709999738632,
    1.4543930000172622,
    1.4625379999984034,
    1.5019830000255752,
    1.449297000021943,
    1.5025039999727596,
    1.4704769999980272,
    1.4380130000404279,
    1.4604630000008,
    1.4526140000157284,
    1.4519950000249082,
    1.4655040000093322,
    1.4524909999522606,
    1.4892760000293492,
    1.4401849999785554,
    1.4596639999808758,
    1.4955610000129127,
    1.4877039999987574,
    1.4623120000010204,
    1.476334000017232,
    1.4436919999525344,
    1.5054849999955877,
    1.4731040000128814,
    1.517098000022088,
    1.6186889999971754,
    1.740800999982639,
    1.633723999987069,
    1.6075079999495756,
    1.4599709999743027,
    1.6321509999670525,
    1.604876999977023,
    1.5448249999963082,
    1.5209029999709855,
    1.5789629999858334,
    1.5448400000082074,
    1.5234389999818632,
    1.5242960000136918,
    1.5355170000361795,
    1.4670369999976174,
    1.5748509999866656,
    1.4546659999723488,
    2.0871570000053907,
    1.5230529999712417,
    1.5130070000282103,
    1.5476820000230873,
    1.5427960000238272,
    1.5154569999822343,
    1.5419159999510157,
    1.5091010000105598,
    1.541470000006484,
    1.5460569999845575,
    1.5313370000171744,
    1.4975309999840647,
    1.5271230000166724,
    1.5149390000033236,
    1.538158000016665,
    1.5382309999836252,
    1.5048140000430976,
    2.477048000002924,
    1.506040999970537,
    1.4993290000120396,
    1.5034780000178216,
    1.527086999999483,
    1.5154859999597647,
    1.5113320000068597,
    1.5142289999516834,
    1.5267809999954807,
    1.4986049999947681,
    1.4655869999842253,
    1.5043039999795838,
    1.5166260000114562,
    1.5086109999629116,
    1.5168929999731517,
    1.5080030000262923,
    1.5260870000020077,
    1.5218500000173663,
    1.5481930000191824,
    1.546372000007068,
    1.5242640000110441,
    1.5120369999976901,
    1.5042859999994107,
    1.4987829999881797,
    1.5021250000017972,
    1.5456020000215176,
    1.494894000018121,
    1.5468420000388505,
    1.49514800000361,
    1.5256130000125268,
    1.5762609999683264,
    1.5204009999933987,
    1.5285389999917243,
    1.537989999974343,
    1.5246130000150515,
    1.5015930000004118,
    1.5315619999682895,
    1.4888410000253316,
    1.4763339999603886,
    1.4868860000092354,
    1.4799050000533498
  ],
  "mean_ms": 1.5281981249972887,
  "median_ms": 1.5026559999853362,
  "stdev_ms": 0.13356479849274572,
  "min_ms": 1.437199999998029,
  "max_ms": 2.517880999960198,
  "output_length": 64669,
  "python_version": "3.14.0rc2 (main, Sep  2 2025, 14:20:56) [Clang 20.1.4 ]",
  "python_implementation": "cpython",
  "free_threaded": false
}