{
  "engine": "minijinja",
  "iterations": 200,
  "num_products": 50,
  "times_ms": [
    1.3569150000307673,
    1.3602309999782847,
    1.296228000001065,
    1.3516049999680035,
    1.2703920000376456,
    1.2607620000153474,
    1.2706459999662911,
    1.2484789999689383,
    1.3696729999992385,
    1.310452999973677,
    1.2823569999795836,
    1.24542499997915,
    1.271565000024566,
    1.2752459999774146,
    1.241590000006454,
    1.2808190000441755,
    1.2945480000325915,
    1.3335519999486678,
    1.2538980000158517,
    1.2633279999931801,
    1.236324999979388,
    1.273890999982541,
    1.241246000006413,
    1.2913010000374925,
    1.2383750000140026,
    1.273749000006319,
    1.2264480000112599,
    1.274141999999756,
    1.2572020000334305,
    2.1205070000291926,
    1.3797999999951571,
    1.277803999983007,
    1.2736859999904482,
    1.2911629999621255,
    1.2729630000194447,
    1.2846570000419888,
    1.2452430000280401,
    1.2851769999997487,
    1.2655580000000555,
    1.270376999968903,
    1.52455199997803,
    1.3985630000092897,
    1.3024779999568636,
    1.2819359999980406,
    1.279340999985834,
    1.3432680000278197,
    1.2662780000027851,
    1.2605449999796292,
    1.2383499999941705,
    1.267891999987114,
    1.2692760000163616,
    1.2903459999620281,
    1.246735999984594,
    1.2909929999977976,
    1.258554000003187,
    1.266545000021324,
    1.6312399999947047,
    1.6926060000059806,
    1.4400250000221604,
    1.334645999975237,
    1.314615000012509,
    1.3079900000434463,
    1.2951200000088647,
    1.301436999995076,
    1.2696800000071562,
    1.301674999979241,
    1.2691400000335307,
    1.3191769999707503,
    1.8150000000218824,
    1.7407070000103886,
    1.7858440000395603,
    1.735014000018964,
    1.5149360000350498,
    1.343865000023925,
    1.3089020000052187,
    1.294541999982357,
    1.317832000040653,
    1.306370000008883,
    1.2507409999784613,
    1.3061569999877065,
    1.243602999977611,
    1.29903499998818,
    1.2738120000221897,
    1.405184000020654,
    1.2817179999728978,
    1.364728999988074,
    1.5714900000034504,
    2.1575199999688266,
    1.3455200000294099,
    1.331612999990739,
    1.251443000001018,
    1.2964869999905204,
    1.2610619999691153,
    1.281923000021834,
    1.5019409999581512,
    1.693234000015309,
    1.382764999959818,
    1.281642999970245,
    1.2892149999856883,
    1.2854970000262256,
    1.6985610000119777,
    1.3591320000045926,
    1.2963770000169461,
    1.2777149999578796,
    1.2875449999683042,
    1.2582349999661346,
    1.2553230000094118,
    1.2720009999611648,
    1.2652029999458136,
    1.251366000019516,
    1.4449669999976322,
    1.4742650000130197,
    1.2608709999994971,
    1.2767310000185716,
    1.2482519999821307,
    1.2859199999866178,
    1.2622179999652872,
    1.2659299999882023,
    1.262139000004936,
    1.2697309999794015,
    1.2583020000533907,
    1.3492799999994531,
    1.6690630000084639,
    1.4275089999955526,
    1.3262599999848135,
    1.3052030000153536,
    1.2786300000016126,
    1.3355240000123558,
    1.4576539999779925,
    1.2859149999826514,
    1.2870830000224487,
    1.2626270000168915,
    1.2651849999656406,
    1.3071270000182267,
    1.4661349999869344,
    1.4646070000026157,
    1.311273999988316,
    1.2737069999957384,
    1.2720699999704266,
    1.557176000005711,
    1.484387000004972,
    1.3911670000084086,
    1.3364129999899887,
    1.3318950000211771,
    1.3034759999754897,
    1.2906740000175887,
    1.2841989999969883,
    1.340583000001061,
    1.3077680000037617,
    1.3853940000103648,
    1.316519999988941,
    1.314062999995258,
    1.67468700004747,
    1.512027999979182,
    1.3574729999845658,
    1.3050480000060816,
    1.2737650000076428,
    1.2990730000410622,
    1.2488790000020344,
    1.5088469999682275,
    1.2630300000182615,
    1.2194530000328996,
    1.2761859999841363,
    1.2760060000118756,
    1.2333720000015092,
    1.2986309999973855,
    1.2417660000210162,
    1.2796059999686804,
    1.2433940000278199,
    1.2865099999999074,
    1.2997680000239598,
    1.2834419999876445,
    1.2671650000015688,
    1.274087000012969,
    1.2515760000155751,
    1.2683580000043548,
    1.2551670000107151,
    1.2549539999895387,
    1.2541759999749047,
    1.2934079999809,
    1.24820199999931,
    1.6528999999536609,
    1.394904000051156,
    1.3181250000116052,
    1.29245099998343,
    1.2687590000268756,
    1.2671939999790993,
    1.2496599999849423,
    1.2841100000287042,
    1.277196999978969,
    1.2602470000047106,
    1.2787169999910475,
    1.2743279999654078,
    1.2713020000205688,
    1.2881089999723372,
    1.4747370000236515,
    1.3670090000346136,
    1.3172710000048937,
    1.2657139999987521,
    1.2891260000174043
  ],
  "mean_ms": 1.336294714999724,
  "median_ms": 1.2862149999932626,
  "stdev_ms": 0.13932582120608772,
  "min_ms": 1.2194530000328996,
  "max_ms": 2.1575199999688266,
  "output_length": 64921,
  "python_version": "3.14.0rc2 free-threading build (main, Sep  2 2025, 14:21:02) [Clang 20.1.4 ]",
  "python_implementation": "cpython",
  "free_threaded": true
}